No,English,日本語,Category,Page
1,year,年,年・月・日・時・行事,1
2,month,月,年・月・日・時・行事,1
3,week,週,年・月・日・時・行事,1
4,day,日,年・月・日・時・行事,1
5,today,今日,年・月・日・時・行事,1
6,tomorrow,明日,年・月・日・時・行事,1
7,date,日付,年・月・日・時・行事,1
8,time,時こく,年・月・日・時・行事,1
9,hour,1時間,年・月・日・時・行事,1
10,minute,分,年・月・日・時・行事,1
11,morning,朝,年・月・日・時・行事,1
12,noon,正午,年・月・日・時・行事,1
13,afternoon,午後,年・月・日・時・行事,1
14,evening,晩,年・月・日・時・行事,1
15,night,夜,年・月・日・時・行事,1
16,a.m.,午前,年・月・日・時・行事,1
17,p.m.,午後,年・月・日・時・行事,1
18,weekend,週末,年・月・日・時・行事,1
19,New Year’s Day,元日,年・月・日・時・行事,1
20,Dolls’ Festival,ひなまつり,年・月・日・時・行事,1
21,Children’s Day,こどもの日,年・月・日・時・行事,1
22,Christmas,クリスマス,年・月・日・時・行事,1
23,New Year’s Eve,大みそか,年・月・日・時・行事,1
24,vacation,休み,年・月・日・時・行事,1
25,birthday,誕生日,年・月・日・時・行事,1
26,present,プレゼント,年・月・日・時・行事,1
27,party,パーティー,年・月・日・時・行事,1
28,Monday,月曜日,曜日・季節・月の名前,2
29,Tuesday,火曜日,曜日・季節・月の名前,2
30,Wednesday,水曜日,曜日・季節・月の名前,2
31,Thursday,木曜日,曜日・季節・月の名前,2
32,Friday,金曜日,曜日・季節・月の名前,2
33,Saturday,土曜日,曜日・季節・月の名前,2
34,Sunday,日曜日,曜日・季節・月の名前,2
35,spring,春,曜日・季節・月の名前,2
36,summer,夏,曜日・季節・月の名前,2
37,autumn,秋,曜日・季節・月の名前,2
38,fall,秋・落ちる,曜日・季節・月の名前,2
39,winter,冬,曜日・季節・月の名前,2
40,January,1月,曜日・季節・月の名前,2
41,February,2月,曜日・季節・月の名前,2
42,March,3月,曜日・季節・月の名前,2
43,April,4月,曜日・季節・月の名前,2
44,May,5月,曜日・季節・月の名前,2
45,June,6月,曜日・季節・月の名前,2
46,July,7月,曜日・季節・月の名前,2
47,August,8月,曜日・季節・月の名前,2
48,September,9月,曜日・季節・月の名前,2
49,October,10月,曜日・季節・月の名前,2
50,November,11月,曜日・季節・月の名前,2
51,December,12月,曜日・季節・月の名前,2
52,one,1,数,3
53,two,2,数,3
54,three,3,数,3
55,four,4,数,3
56,five,5,数,3
57,six,6,数,3
58,seven,7,数,3
59,eight,8,数,3
60,nine,9,数,3
61,ten,10,数,3
62,eleven,11,数,3
63,twelve,12,数,3
64,thirteen,13,数,3
65,fourteen,14,数,3
66,fifteen,15,数,3
67,sixteen,16,数,3
68,seventeen,17,数,3
69,eighteen,18,数,3
70,nineteen,19,数,3
71,twenty,20,数,3
72,thirty,30,数,3
73,forty,40,数,3
74,fifty,50,数,3
75,sixty,60,数,3
76,seventy,70,数,3
77,eighty,80,数,3
78,ninety,90,数,3
79,hundred,100,数,3
80,thousand,1000,数,3
81,zero,0,数,3
82,first,1日・1番目の,日付・序数,4
83,second,2日・2番目の,日付・序数,4
84,third,3日・3番目の,日付・序数,4
85,fourth,4日・4番目の,日付・序数,4
86,fifth,5日・5番目の,日付・序数,4
87,sixth,6日・6番目の,日付・序数,4
88,seventh,7日・7番目の,日付・序数,4
89,eighth,8日・8番目の,日付・序数,4
90,ninth,9日・9番目の,日付・序数,4
91,tenth,10日・10番目の,日付・序数,4
92,eleventh,11日・11番目の,日付・序数,4
93,twelfth,12日・12番目の,日付・序数,4
94,thirteenth,13日・13番目の,日付・序数,4
95,fourteenth,14日・14番目の,日付・序数,4
96,fifteenth,15日・15番目の,日付・序数,4
97,sixteenth,16日・16番目の,日付・序数,4
98,seventeenth,17日・17番目の,日付・序数,4
99,eighteenth,18日・18番目の,日付・序数,4
100,nineteenth,19日・19番目の,日付・序数,4
101,twentieth,20日・20番目の,日付・序数,4
102,twenty-first,21日・21番目の,日付・序数,4
103,twenty-second,22日・22番目の,日付・序数,4
104,twenty-third,23日・23番目の,日付・序数,4
105,twenty-fourth,24日・24番目の,日付・序数,4
106,twenty-fifth,25日・25番目の,日付・序数,4
107,twenty-sixth,26日・26番目の,日付・序数,4
108,twenty-seventh,27日・27番目の,日付・序数,4
109,twenty-eighth,28日・28番目の,日付・序数,4
110,twenty-ninth,29日・29番目の,日付・序数,4
111,thirtieth,30日・30番目の,日付・序数,4
112,thirty-first,31日・31番目の,日付・序数,4
113,breakfast,朝ご飯,食事・食べ物,5
114,lunch,昼ご飯,食事・食べ物,5
115,snack,おやつ,食事・食べ物,5
116,dinner,晩ご飯,食事・食べ物,5
117,meal,食事,食事・食べ物,5
118,food,食べ物,食事・食べ物,5
119,hamburger,ハンバーガー,食事・食べ物,5
120,pizza,ピザ,食事・食べ物,5
121,spaghetti,スパゲッティ,食事・食べ物,5
122,steak,ステーキ,食事・食べ物,5
123,salad,サラダ,食事・食べ物,5
124,noodle,麺類,食事・食べ物,5
125,egg,卵,食事・食べ物,5
126,rice ball,おにぎり,食事・食べ物,5
127,soup,スープ,食事・食べ物,5
128,pie,パイ,食事・食べ物,5
129,sandwich,サンドイッチ,食事・食べ物,5
130,sausage,ソーセージ,食事・食べ物,5
131,omelet,オムレツ,食事・食べ物,5
132,curry,カレー,食事・食べ物,5
133,rice,米・ご飯,食事・食べ物,5
134,bread,パン,食事・食べ物,5
135,meat,肉,食事・食べ物,5
136,vegetable,野菜,野菜・果物,6
137,cucumber,きゅうり,野菜・果物,6
138,carrot,にんじん,野菜・果物,6
139,lettuce,レタス,野菜・果物,6
140,cabbage,キャベツ,野菜・果物,6
141,corn,とうもろこし,野菜・果物,6
142,radish,ラディッシュ,野菜・果物,6
143,broccoli,ブロッコリ,野菜・果物,6
144,pumpkin,かぼちゃ,野菜・果物,6
145,tomato,トマト,野菜・果物,6
146,onion,玉ねぎ,野菜・果物,6
147,potato,じゃがいも,野菜・果物,6
148,mushroom,マッシュルーム,野菜・果物,6
149,fruit,果物,野菜・果物,6
150,apple,りんご,野菜・果物,6
151,strawberry,いちご,野菜・果物,6
152,grapes,ぶどう,野菜・果物,6
153,pineapple,パイナップル,野菜・果物,6
154,peach,もも,野菜・果物,6
155,melon,メロン,野菜・果物,6
156,banana,バナナ,野菜・果物,6
157,kiwi fruit,キウィ,野菜・果物,6
158,lemon,レモン,野菜・果物,6
159,cherry,さくらんぼ,野菜・果物,6
160,watermelon,すいか,野菜・果物,6
161,dessert,デザート,デザート・飲み物・食器,7
162,ice cream,アイスクリーム,デザート・飲み物・食器,7
163,pudding,プリン,デザート・飲み物・食器,7
164,parfait,パフェ,デザート・飲み物・食器,7
165,cake,ケーキ,デザート・飲み物・食器,7
166,donut,ドーナツ,デザート・飲み物・食器,7
167,candy,キャンディ,デザート・飲み物・食器,7
168,chocolate,チョコレート,デザート・飲み物・食器,7
169,jam,ジャム,デザート・飲み物・食器,7
170,yogurt,ヨーグルト,デザート・飲み物・食器,7
171,water,水,デザート・飲み物・食器,7
172,milk,牛乳,デザート・飲み物・食器,7
173,juice,ジュース,デザート・飲み物・食器,7
174,coffee,コーヒー,デザート・飲み物・食器,7
175,tea,紅茶・茶,デザート・飲み物・食器,7
176,green tea,緑茶,デザート・飲み物・食器,7
177,plate,皿（取り皿など）,デザート・飲み物・食器,7
178,dish,皿（大皿など）,デザート・飲み物・食器,7
179,chopsticks,はし,デザート・飲み物・食器,7
180,spoon,スプーン,デザート・飲み物・食器,7
181,fork,フォーク,デザート・飲み物・食器,7
182,glass,コップ,デザート・飲み物・食器,7
183,cup,カップ,デザート・飲み物・食器,7
184,animal,動物,動物・生きもの,8
185,dog,犬,動物・生きもの,8
186,cat,ネコ,動物・生きもの,8
187,panda,パンダ,動物・生きもの,8
188,mouse,ネズミ,動物・生きもの,8
189,bear,熊,動物・生きもの,8
190,elephant,象,動物・生きもの,8
191,horse,馬,動物・生きもの,8
192,cow,牛,動物・生きもの,8
193,tiger,トラ,動物・生きもの,8
194,sheep,羊,動物・生きもの,8
195,chicken,ニワトリ,動物・生きもの,8
196,gorilla,ゴリラ,動物・生きもの,8
197,monkey,サル,動物・生きもの,8
198,pig,ブタ,動物・生きもの,8
199,rabbit,ウサギ,動物・生きもの,8
200,goat,ヤギ,動物・生きもの,8
201,lion,ライオン,動物・生きもの,8
202,fox,キツネ,動物・生きもの,8
203,zebra,シマウマ,動物・生きもの,8
204,wolf,オオカミ,動物・生きもの,8
205,koala,コアラ,動物・生きもの,8
206,whale,クジラ,動物・生きもの,8
207,dolphin,イルカ,動物・生きもの,8
208,bird,鳥,動物・生きもの,8
209,snake,ヘビ,動物・生きもの,8
210,fish,魚,動物・生きもの,8
211,spider,クモ,動物・生きもの,8
212,ant,アリ,動物・生きもの,8
213,dragon,ドラゴン・龍,動物・生きもの,8
214,color,色,色・形・単位,9
215,red,赤,色・形・単位,9
216,blue,青,色・形・単位,9
217,green,緑,色・形・単位,9
218,yellow,黄色,色・形・単位,9
219,pink,ピンク,色・形・単位,9
220,black,黒,色・形・単位,9
221,white,白,色・形・単位,9
222,orange,オレンジ色,色・形・単位,9
223,purple,むらさき色,色・形・単位,9
224,brown,茶色,色・形・単位,9
225,circle,丸,色・形・単位,9
226,triangle,三角,色・形・単位,9
227,cross,十字形・×印,色・形・単位,9
228,heart,ハート・心臓,色・形・単位,9
229,square,四角,色・形・単位,9
230,star,星,色・形・単位,9
231,diamond,ひし形・ダイヤモンド,色・形・単位,9
232,line,線,色・形・単位,9
233,dollar,ドル（アメリカなどのお金の単位）,色・形・単位,9
234,yen,円（日本のお金の単位）,色・形・単位,9
235,meter,メートル,色・形・単位,9
236,centimeter,センチメートル,色・形・単位,9
237,kilogram,キログラム,色・形・単位,9
238,sport,スポーツ,スポーツ・活動,10
239,soccer,サッカー,スポーツ・活動,10
240,baseball,野球,スポーツ・活動,10
241,basketball,バスケットボール,スポーツ・活動,10
242,swimming,水泳,スポーツ・活動,10
243,volleyball,バレーボール,スポーツ・活動,10
244,table tennis,卓球,スポーツ・活動,10
245,badminton,バドミントン,スポーツ・活動,10
246,football,フットボール,スポーツ・活動,10
247,tennis,テニス,スポーツ・活動,10
248,dodgeball,ドッジボール,スポーツ・活動,10
249,ball,ボール,スポーツ・活動,10
250,racket,ラケット,スポーツ・活動,10
251,bat,バット,スポーツ・活動,10
252,jumprope,なわとびのなわ,スポーツ・活動,10
253,bicycle,自転車,スポーツ・活動,10
254,bike,自転車,スポーツ・活動,10
255,club,クラブ,スポーツ・活動,10
256,team,チーム,スポーツ・活動,10
257,member,メンバー,スポーツ・活動,10
258,fishing,魚つり,スポーツ・活動,10
259,dancing,ダンス,スポーツ・活動,10
260,jogging,ジョギング,スポーツ・活動,10
261,cooking,料理,スポーツ・活動,10
262,reading,読書,スポーツ・活動,10
263,shopping,買い物,スポーツ・活動,10
264,walking,ウォーキング・散歩,スポーツ・活動,10
265,hiking,ハイキング,スポーツ・活動,10
266,camping,キャンプ,スポーツ・活動,10
267,running,ランニング,スポーツ・活動,10
268,tag,おにごっこ,遊び・自然,11
269,bingo,ビンゴ,遊び・自然,11
270,game,ゲーム・試合,遊び・自然,11
271,card,カード・トランプ,遊び・自然,11
272,king,キング・王,遊び・自然,11
273,queen,クイーン・女王,遊び・自然,11
274,balloon,風船,遊び・自然,11
275,hint,ヒント,遊び・自然,11
276,dice,サイコロ,遊び・自然,11
277,yo-yo,ヨーヨー,遊び・自然,11
278,toy,おもちゃ,遊び・自然,11
279,firework,花火,遊び・自然,11
280,nature,自然,遊び・自然,11
281,sky,空,遊び・自然,11
282,sun,太陽,遊び・自然,11
283,moon,月,遊び・自然,11
284,rainbow,にじ,遊び・自然,11
285,flower,花,遊び・自然,11
286,tree,木,遊び・自然,11
287,mountain,山,遊び・自然,11
288,lake,湖,遊び・自然,11
289,river,川,遊び・自然,11
290,sea,海,遊び・自然,11
291,beach,海岸,遊び・自然,11
292,jungle,ジャングル,遊び・自然,11
293,weather,天気,遊び・自然,11
294,snow,雪,遊び・自然,11
295,rain,雨,遊び・自然,11
296,head,頭,からだ・身につけるもの,12
297,eyes,目,からだ・身につけるもの,12
298,ears,耳,からだ・身につけるもの,12
299,nose,鼻,からだ・身につけるもの,12
300,mouth,口,からだ・身につけるもの,12
301,teeth,歯,からだ・身につけるもの,12
302,shoulders,肩,からだ・身につけるもの,12
303,knees,ひざ,からだ・身につけるもの,12
304,toes,つま先,からだ・身につけるもの,12
305,hand,手,からだ・身につけるもの,12
306,leg,足,からだ・身につけるもの,12
307,T-shirt,Tシャツ,からだ・身につけるもの,12
308,shirt,シャツ,からだ・身につけるもの,12
309,shorts,半ズボン,からだ・身につけるもの,12
310,sweater,セーター,からだ・身につけるもの,12
311,pants,ズボン,からだ・身につけるもの,12
312,cap,帽子（野球帽や縁のないもの）,からだ・身につけるもの,12
313,hat,帽子（縁のあるもの）,からだ・身につけるもの,12
314,shoes,くつ,からだ・身につけるもの,12
315,boots,長ぐつ・ブーツ,からだ・身につけるもの,12
316,glasses,めがね,からだ・身につけるもの,12
317,bag,かばん・バッグ,からだ・身につけるもの,12
318,umbrella,かさ,からだ・身につけるもの,12
319,house,家,家の中のもの,13
320,home,家・家庭,家の中のもの,13
321,door,ドア,家の中のもの,13
322,window,窓,家の中のもの,13
323,wall,壁,家の中のもの,13
324,room,部屋,家の中のもの,13
325,table,テーブル,家の中のもの,13
326,desk,机,家の中のもの,13
327,chair,いす,家の中のもの,13
328,mat,マット,家の中のもの,13
329,picture,絵・写真,家の中のもの,13
330,TV,テレビ,家の中のもの,13
331,bath,ふろ,家の中のもの,13
332,bed,ベッド,家の中のもの,13
333,clock,時計,家の中のもの,13
334,calendar,カレンダー,家の中のもの,13
335,book,本,家の中のもの,13
336,watch,うで時計,家の中のもの,13
337,box,箱,家の中のもの,13
338,telephone,電話機,家の中のもの,13
339,basket,かご,家の中のもの,13
340,computer,コンピューター,家の中のもの,13
341,newspaper,新聞,家の中のもの,13
342,garbage,ごみ,家の中のもの,13
343,piggy bank,ブタの形の貯金箱,家の中のもの,13
344,pencil,えんぴつ,文房具・楽器,14
345,eraser,消しゴム,文房具・楽器,14
346,ruler,定規,文房具・楽器,14
347,crayon,クレヨン,文房具・楽器,14
348,glue stick,スティックのり,文房具・楽器,14
349,scissors,はさみ,文房具・楽器,14
350,pen,ペン,文房具・楽器,14
351,stapler,ホッチキス,文房具・楽器,14
352,magnet,磁石・マグネット,文房具・楽器,14
353,marker,マーカー・マジックペン,文房具・楽器,14
354,pencil sharpener,えんぴつけずり,文房具・楽器,14
355,pencil case,筆箱,文房具・楽器,14
356,notebook,ノート,文房具・楽器,14
357,chalk,チョーク,文房具・楽器,14
358,ink,インク,文房具・楽器,14
359,map,地図,文房具・楽器,14
360,drum,たいこ・ドラム,文房具・楽器,14
361,violin,バイオリン,文房具・楽器,14
362,recorder,リコーダー,文房具・楽器,14
363,piano,ピアノ,文房具・楽器,14
364,flute,フルート,文房具・楽器,14
365,guitar,ギター,文房具・楽器,14
366,school,学校,学校,15
367,classroom,教室,学校,15
368,class,クラス,学校,15
369,playground,運動場・遊び場,学校,15
370,gym,体育館,学校,15
371,library,図書室・図書館,学校,15
372,pool,プール,学校,15
373,name,名前,学校,15
374,teacher,先生,学校,15
375,student,生徒,学校,15
376,subject,教科,学校,15
377,Japanese,国語・日本語・日本人,学校,15
378,English,英語・英語の,学校,15
379,math,算数・数学,学校,15
380,science,理科・科学,学校,15
381,social studies,社会,学校,15
382,music,音楽,学校,15
383,arts and crafts,図工,学校,15
384,P.E.,体育,学校,15
385,alphabet,アルファベット,学校,15
386,calligraphy,習字・書道,学校,15
387,textbook,教科書,学校,15
388,test,テスト,学校,15
389,homework,宿題,学校,15
390,letter,手紙・文字,学校,15
391,place,場所,場所・建物・乗り物,16
392,city,都市・市,場所・建物・乗り物,16
393,town,市・町,場所・建物・乗り物,16
394,shop,店,場所・建物・乗り物,16
395,garden,庭,場所・建物・乗り物,16
396,bookstore,本屋,場所・建物・乗り物,16
397,gas station,ガソリンスタンド,場所・建物・乗り物,16
398,police station,警察署,場所・建物・乗り物,16
399,post office,郵便局,場所・建物・乗り物,16
400,hospital,病院,場所・建物・乗り物,16
401,supermarket,スーパーマーケット,場所・建物・乗り物,16
402,restaurant,レストラン,場所・建物・乗り物,16
403,amusement park,遊園地,場所・建物・乗り物,16
404,aquarium,水族館,場所・建物・乗り物,16
405,castle,城,場所・建物・乗り物,16
406,park,公園,場所・建物・乗り物,16
407,stadium,競技場・スタジアム,場所・建物・乗り物,16
408,zoo,動物園,場所・建物・乗り物,16
409,station,駅,場所・建物・乗り物,16
410,street,通り,場所・建物・乗り物,16
411,car,自動車,場所・建物・乗り物,16
412,bus,バス,場所・建物・乗り物,16
413,taxi,タクシー,場所・建物・乗り物,16
414,train,電車・列車,場所・建物・乗り物,16
415,ship,船,場所・建物・乗り物,16
416,plane,飛行機,場所・建物・乗り物,16
417,corner,交差点・かど,場所・建物・乗り物,16
418,block,ブロック・一区画,場所・建物・乗り物,16
419,family,家族,人・職業,17
420,father,父,人・職業,17
421,mother,母,人・職業,17
422,sister,姉・妹,人・職業,17
423,brother,兄・弟,人・職業,17
424,son,息子,人・職業,17
425,daughter,娘,人・職業,17
426,aunt,おば,人・職業,17
427,uncle,おじ,人・職業,17
428,grandfather,祖父,人・職業,17
429,grandmother,祖母,人・職業,17
430,child,子,人・職業,17
431,friend,友達,人・職業,17
432,man,男の人,人・職業,17
433,woman,女の人,人・職業,17
434,boy,男の子,人・職業,17
435,girl,女の子,人・職業,17
436,people,人々,人・職業,17
437,baseball player,野球選手,人・職業,17
438,doctor,医者,人・職業,17
439,fire fighter,消防士,人・職業,17
440,police officer,警察官,人・職業,17
441,artist,芸術家,人・職業,17
442,astronaut,宇宙飛行士,人・職業,17
443,baker,パン職人,人・職業,17
444,bus driver,バスの運転手,人・職業,17
445,farmer,農場主・農夫,人・職業,17
446,pianist,ピアニスト,人・職業,17
447,pilot,パイロット,人・職業,17
448,singer,歌手・シンガー,人・職業,17
449,world,世界,世界の国,18
450,America,アメリカ合衆国,世界の国,18
451,Australia,オーストラリア,世界の国,18
452,Belgium,ベルギー,世界の国,18
453,Brazil,ブラジル,世界の国,18
454,Canada,カナダ,世界の国,18
455,China,中国,世界の国,18
456,Egypt,エジプト,世界の国,18
457,Finland,フィンランド,世界の国,18
458,France,フランス,世界の国,18
459,Germany,ドイツ,世界の国,18
460,India,インド,世界の国,18
461,Ireland,アイルランド,世界の国,18
462,Italy,イタリア,世界の国,18
463,Japan,日本,世界の国,18
464,Korea,韓国,世界の国,18
465,Peru,ペルー,世界の国,18
466,Russia,ロシア,世界の国,18
467,Spain,スペイン,世界の国,18
468,Thailand,タイ,世界の国,18
469,the UK,英国,世界の国,18
470,Malaysia,マレーシア,世界の国,18
471,Norway,ノルウェー,世界の国,18
472,Turkey,トルコ,世界の国,18
473,Vietnam,ベトナム,世界の国,18
474,big,大きい,様子を表す言葉,19
475,small,小さい,様子を表す言葉,19
476,long,長い,様子を表す言葉,19
477,short,短い,様子を表す言葉,19
478,new,新しい,様子を表す言葉,19
479,old,古い,様子を表す言葉,19
480,soft,やわらかい,様子を表す言葉,19
481,hard,かたい,様子を表す言葉,19
482,slow,おそい,様子を表す言葉,19
483,fast,速い,様子を表す言葉,19
484,shiny,光る,様子を表す言葉,19
485,scary,こわい,様子を表す言葉,19
486,round,丸い,様子を表す言葉,19
487,beautiful,美しい,様子を表す言葉,19
488,nice,素敵な・親切な,様子を表す言葉,19
489,high,高い,様子を表す言葉,19
490,busy,いそがしい,様子を表す言葉,19
491,special,特別な,様子を表す言葉,19
492,fantastic,素晴らしい,様子を表す言葉,19
493,last,最後の,様子を表す言葉,19
494,great,偉大な,様子を表す言葉,19
495,wonderful,素晴らしい,様子を表す言葉,19
496,famous,有名な,様子を表す言葉,19
497,best,最高の,様子を表す言葉,19
498,main,主な,様子を表す言葉,19
499,fun,楽しい,様子を表す言葉,19
500,exciting,興奮させる,様子を表す言葉,19
501,favorite,好きな,様子を表す言葉,19
502,all,全部の,様子を表す言葉,19
503,many,多くの（数えられるものに使う）,様子を表す言葉,19
504,much,多くの（数えられないものに使う）,様子を表す言葉,19
505,good,良い,気分・気持ち・性格・味・天気など,20
506,bad,悪い,気分・気持ち・性格・味・天気など,20
507,fine,元気な,気分・気持ち・性格・味・天気など,20
508,happy,幸せな,気分・気持ち・性格・味・天気など,20
509,sad,悲しい,気分・気持ち・性格・味・天気など,20
510,sleepy,ねむい,気分・気持ち・性格・味・天気など,20
511,hungry,空腹な,気分・気持ち・性格・味・天気など,20
512,tired,つかれた,気分・気持ち・性格・味・天気など,20
513,friendly,親しみのある,気分・気持ち・性格・味・天気など,20
514,kind,思いやりのある,気分・気持ち・性格・味・天気など,20
515,brave,勇かんな,気分・気持ち・性格・味・天気など,20
516,funny,おもしろい,気分・気持ち・性格・味・天気など,20
517,strong,強い,気分・気持ち・性格・味・天気など,20
518,bitter,苦い,気分・気持ち・性格・味・天気など,20
519,sour,すっぱい,気分・気持ち・性格・味・天気など,20
520,salty,塩からい,気分・気持ち・性格・味・天気など,20
521,sweet,あまい,気分・気持ち・性格・味・天気など,20
522,delicious,おいしい,気分・気持ち・性格・味・天気など,20
523,yummy,おいしい,気分・気持ち・性格・味・天気など,20
524,fresh,新鮮な,気分・気持ち・性格・味・天気など,20
525,sunny,日のよく照る・晴れた,気分・気持ち・性格・味・天気など,20
526,rainy,雨の降る,気分・気持ち・性格・味・天気など,20
527,cloudy,曇りの,気分・気持ち・性格・味・天気など,20
528,snowy,雪の降る,気分・気持ち・性格・味・天気など,20
529,hot,暑い・熱い,気分・気持ち・性格・味・天気など,20
530,cold,寒い・冷たい,気分・気持ち・性格・味・天気など,20
531,cool,涼しい・冷えた,気分・気持ち・性格・味・天気など,20
532,warm,あたたかい,気分・気持ち・性格・味・天気など,20
533,I,私は,私は・あなたのなど,21
534,my,私の,私は・あなたのなど,21
535,me,私を（に）,私は・あなたのなど,21
536,mine,私のもの,私は・あなたのなど,21
537,you,あなたは,私は・あなたのなど,21
538,your,あなたの,私は・あなたのなど,21
539,you,あなたを（に）,私は・あなたのなど,21
540,yours,あなたのもの,私は・あなたのなど,21
541,he,彼は,私は・あなたのなど,21
542,his,彼の,私は・あなたのなど,21
543,him,彼を（に）,私は・あなたのなど,21
544,his,彼のもの,私は・あなたのなど,21
545,she,彼女は,私は・あなたのなど,21
546,her,彼女の,私は・あなたのなど,21
547,her,彼女を（に）,私は・あなたのなど,21
548,hers,彼女のもの,私は・あなたのなど,21
549,we,私たちは,私は・あなたのなど,21
550,our,私たちの,私は・あなたのなど,21
551,us,私たちを（に）,私は・あなたのなど,21
552,ours,私たちのもの,私は・あなたのなど,21
553,they,彼（女）らは,私は・あなたのなど,21
554,their,彼（女）らの,私は・あなたのなど,21
555,them,彼（女）らを（に）,私は・あなたのなど,21
556,theirs,彼（女）らのもの,私は・あなたのなど,21
557,it,それは,私は・あなたのなど,21
558,its,それの,私は・あなたのなど,21
559,it,それを（に）,私は・あなたのなど,21
560,everyone,みんな,私は・あなたのなど,21
561,one,（すでに話に出た）もの・（任意の）人,私は・あなたのなど,21
562,am,～である・いる（主語がIのとき）,be動詞・一般動詞その1,22
563,are,～である・いる（主語がyouなどのとき）,be動詞・一般動詞その1,22
564,is,"～である・いる（主語がhe, sheなどのとき）",be動詞・一般動詞その1,22
565,be,～になる・～である,be動詞・一般動詞その1,22
566,do,"する（主語がI, you, weなどのとき）",be動詞・一般動詞その1,22
567,does,"する（主語がhe, sheなどのとき）",be動詞・一般動詞その1,22
568,have,持っている,be動詞・一般動詞その1,22
569,go,行く,be動詞・一般動詞その1,22
570,come,来る,be動詞・一般動詞その1,22
571,sit,すわる,be動詞・一般動詞その1,22
572,stand,立つ,be動詞・一般動詞その1,22
573,walk,歩く,be動詞・一般動詞その1,22
574,run,走る,be動詞・一般動詞その1,22
575,start,始まる・始める,be動詞・一般動詞その1,22
576,stop,止まる・止める,be動詞・一般動詞その1,22
577,jump,とぶ・はねる,be動詞・一般動詞その1,22
578,turn,回る・向きを変える,be動詞・一般動詞その1,22
579,look,見る,be動詞・一般動詞その1,22
580,watch,見る,be動詞・一般動詞その1,22
581,see,見る・見える,be動詞・一般動詞その1,22
582,listen,聞く,be動詞・一般動詞その1,22
583,speak,話す,be動詞・一般動詞その1,22
584,talk,話す,be動詞・一般動詞その1,22
585,eat,食べる,be動詞・一般動詞その1,22
586,drink,飲む,be動詞・一般動詞その1,22
587,wash,洗う,be動詞・一般動詞その1,22
588,brush,ブラシをかける・みがく,be動詞・一般動詞その1,22
589,sleep,ねむる,be動詞・一般動詞その1,22
590,want,ほしい・ほしがる,be動詞・一般動詞その1,22
591,live,住む・生きる,be動詞・一般動詞その1,22
592,cook,料理する,一般動詞その2,23
593,make,作る,一般動詞その2,23
594,clean,そうじする,一般動詞その2,23
595,study,勉強する,一般動詞その2,23
596,read,読む,一般動詞その2,23
597,write,書く,一般動詞その2,23
598,think,考える,一般動詞その2,23
599,know,知る,一般動詞その2,23
600,cut,切る,一般動詞その2,23
601,try,やってみる・試みる,一般動詞その2,23
602,check,調べる・確認する,一般動詞その2,23
603,work,働く,一般動詞その2,23
604,teach,教える,一般動詞その2,23
605,swim,泳ぐ,一般動詞その2,23
606,sing,歌う,一般動詞その2,23
607,ski,スキーをする,一般動詞その2,23
608,skate,スケートをする,一般動詞その2,23
609,ride,乗る,一般動詞その2,23
610,dance,おどる,一般動詞その2,23
611,practice,練習する,一般動詞その2,23
612,fly,飛ぶ,一般動詞その2,23
613,find,見つける,一般動詞その2,23
614,put,置く,一般動詞その2,23
615,touch,さわる,一般動詞その2,23
616,buy,買う,一般動詞その2,23
617,get,手にいれる,一般動詞その2,23
618,use,使う,一般動詞その2,23
619,open,開ける,一般動詞その2,23
620,close,閉める,一般動詞その2,23
621,take,とる・持っていく,一般動詞その2,23
622,visit,おとずれる,一般動詞その3・これ/あれ/何/だれなど,24
623,meet,会う,一般動詞その3・これ/あれ/何/だれなど,24
624,join,参加する,一般動詞その3・これ/あれ/何/だれなど,24
625,leave,出発する・離れる,一般動詞その3・これ/あれ/何/だれなど,24
626,call,呼ぶ,一般動詞その3・これ/あれ/何/だれなど,24
627,enjoy,楽しむ,一般動詞その3・これ/あれ/何/だれなど,24
628,like,好む,一般動詞その3・これ/あれ/何/だれなど,24
629,love,愛する,一般動詞その3・これ/あれ/何/だれなど,24
630,play,遊ぶ,一般動詞その3・これ/あれ/何/だれなど,24
631,help,助ける,一般動詞その3・これ/あれ/何/だれなど,24
632,this,これ,一般動詞その3・これ/あれ/何/だれなど,24
633,that,あれ・それ,一般動詞その3・これ/あれ/何/だれなど,24
634,these,これら,一般動詞その3・これ/あれ/何/だれなど,24
635,those,あれら・それら,一般動詞その3・これ/あれ/何/だれなど,24
636,everything,何もかも・すべて,一般動詞その3・これ/あれ/何/だれなど,24
637,what,何・どんな,一般動詞その3・これ/あれ/何/だれなど,24
638,who,だれ,一般動詞その3・これ/あれ/何/だれなど,24
639,why,なぜ,一般動詞その3・これ/あれ/何/だれなど,24
640,how,どうやって,一般動詞その3・これ/あれ/何/だれなど,24
641,when,いつ,一般動詞その3・これ/あれ/何/だれなど,24
642,where,どこで・どこに,一般動詞その3・これ/あれ/何/だれなど,24
643,whose,だれの,一般動詞その3・これ/あれ/何/だれなど,24
644,which,どの・どれ,一般動詞その3・これ/あれ/何/だれなど,24
645,a,1つの・1人の,一般動詞その3・これ/あれ/何/だれなど,24
646,the,その・あの,一般動詞その3・これ/あれ/何/だれなど,24
647,again,もう一度,副詞など,25
648,not,～でない,副詞など,25
649,yes,はい,副詞など,25
650,no,いいえ,副詞など,25
651,too,～もまた・～すぎる,副詞など,25
652,very,とても,副詞など,25
653,always,いつも,副詞など,25
654,usually,ふつう,副詞など,25
655,sometimes,時々,副詞など,25
656,never,決して～ない,副詞など,25
657,later,あとで,副詞など,25
658,away,向こうに,副詞など,25
659,well,うまく,副詞など,25
660,often,たびたび,副詞など,25
661,now,今,副詞など,25
662,here,ここに・ここで・ここへ,副詞など,25
663,there,そこに・そこで・そこへ,副詞など,25
664,o’clock,～時,副詞など,25
665,out,外に・外へ,副詞など,25
666,up,上に・上へ,副詞など,25
667,down,下に・下へ,副詞など,25
668,really,本当に,副詞など,25
669,just,丁度・ほんの,副詞など,25
670,only,たった・～だけ,副詞など,25
671,around,～ころ・およそ,副詞など,25
672,also,～もまた,副詞など,25
673,then,その時・それから,副詞など,25
674,together,いっしょに,副詞など,25
675,left,左に・左へ,副詞など,25
676,right,右に・右へ,副詞など,25
677,straight,まっすぐに,副詞など,25
678,for,～のために,前置詞・接続詞・助動詞・敬称など,26
679,about,～について,前置詞・接続詞・助動詞・敬称など,26
680,to,～へ・～まで,前置詞・接続詞・助動詞・敬称など,26
681,at,～に,前置詞・接続詞・助動詞・敬称など,26
682,in,～の中に・～に,前置詞・接続詞・助動詞・敬称など,26
683,under,～の下に,前置詞・接続詞・助動詞・敬称など,26
684,by,～のそばに,前置詞・接続詞・助動詞・敬称など,26
685,from,～から・～出身で,前置詞・接続詞・助動詞・敬称など,26
686,outside,～の外に,前置詞・接続詞・助動詞・敬称など,26
687,inside,～の中に,前置詞・接続詞・助動詞・敬称など,26
688,on,～の上に,前置詞・接続詞・助動詞・敬称など,26
689,with,～といっしょに,前置詞・接続詞・助動詞・敬称など,26
690,of,～の,前置詞・接続詞・助動詞・敬称など,26
691,after,～の後に,前置詞・接続詞・助動詞・敬称など,26
692,before,～の前に,前置詞・接続詞・助動詞・敬称など,26
693,near,～のそばに,前置詞・接続詞・助動詞・敬称など,26
694,and,～と～・そして,前置詞・接続詞・助動詞・敬称など,26
695,or,～か～・または,前置詞・接続詞・助動詞・敬称など,26
696,but,しかし,前置詞・接続詞・助動詞・敬称など,26
697,so,だから,前置詞・接続詞・助動詞・敬称など,26
698,can,～することができる,前置詞・接続詞・助動詞・敬称など,26
699,Mr.,～さん・～先生（男性のとき）,前置詞・接続詞・助動詞・敬称など,26
700,Ms.,～さん・～先生（女性のとき）,前置詞・接続詞・助動詞・敬称など,26
